{"cameraMode":{"drawMode":0,"name":"Shaded","section":"Shading Mode"},"sceneLighting":true,"audioPlay":false,"sceneViewState":{"showFog":true,"showMaterialUpdate":false,"showSkybox":true,"showFlares":true,"showImageEffects":true,"showParticleSystems":true},"in2DMode":false,"pivot":{"x":45.53876876831055,"y":-49.334869384765628,"z":62.533077239990237},"rotation":{"x":0.2641121447086334,"y":0.30547183752059939,"z":-0.08859968930482865,"w":0.9105496406555176},"size":97.61601257324219,"orthographic":false}