{"cameraMode":{"drawMode":0,"name":"Shaded","section":"Shading Mode"},"sceneLighting":true,"audioPlay":false,"sceneViewState":{"showFog":true,"showMaterialUpdate":false,"showSkybox":true,"showFlares":true,"showImageEffects":true,"showParticleSystems":true},"in2DMode":false,"pivot":{"x":0.5525913238525391,"y":3.3676252365112306,"z":1.6794583797454835},"rotation":{"x":-0.097464419901371,"y":0.6002389192581177,"z":0.07401512563228607,"w":0.7904033660888672},"size":6.296563148498535,"orthographic":false}