{"cameraMode":{"drawMode":0,"name":"Shaded","section":"Shading Mode"},"sceneLighting":true,"audioPlay":false,"sceneViewState":{"showFog":true,"showMaterialUpdate":false,"showSkybox":true,"showFlares":true,"showImageEffects":true,"showParticleSystems":true},"in2DMode":false,"pivot":{"x":23.78829574584961,"y":-15.0562744140625,"z":-19.65340232849121},"rotation":{"x":0.05014406889677048,"y":0.8973461389541626,"z":-0.10575523227453232,"w":0.42552927136421206},"size":42.102622985839847,"orthographic":false}